q,option,trap,mistake_type,check,note
1,1,No clear mistake path,none,conceptual,
1,2,"Started the sum at (x+1)(x+3) (k = 1 to n instead of 0 to n−1), which shifts both roots down by 1: n = 7, roots −6 and −4, so n + α = 1",calc_slip,sympy,
1,4,No clear mistake path,none,conceptual,
2,1,No clear mistake path,none,conceptual,
2,2,No clear mistake path,none,conceptual,
2,3,No clear mistake path,none,conceptual,
3,1,No clear mistake path,none,conceptual,
3,3,No clear mistake path,none,conceptual,
3,4,No clear mistake path,none,conceptual,
4,1,No clear mistake path,none,conceptual,
4,3,"Checked (B−A)(B+A) but forgot to take the transpose asked for in S1, so S1 looked correct too",misread,sympy,
4,4,"Used det(adj M) = (det M)^{2} for a 2×2 matrix (the rule is (det M)^{n−1} = det M), so S2 looked wrong as well",formula_misapplied,sympy,
5,1,No clear mistake path,none,conceptual,
5,3,No clear mistake path,none,conceptual,
5,4,No clear mistake path,none,conceptual,
6,1,No clear mistake path,none,conceptual,
6,2,No clear mistake path,none,conceptual,
6,4,"In the case with two digits used twice, divided 7! by 2! only once instead of 2!·2!: 4200 + 25200",calc_slip,arithmetic,
7,1,"Stopped at k^{2} = 4 (r = 5, k = ±2) and missed k^{2} = 9, which gives r = 35, k = ±3",calc_slip,arithmetic,
7,3,No clear mistake path,none,conceptual,
7,4,No clear mistake path,none,conceptual,
8,1,No clear mistake path,none,conceptual,
8,2,No clear mistake path,none,conceptual,
8,4,No clear mistake path,none,conceptual,
9,1,No clear mistake path,none,conceptual,
9,2,No clear mistake path,none,conceptual,
9,4,"Gave the centroid (3, 5) instead of the incentre",formula_misapplied,sympy,
10,1,"Used a^{2}/b, which is half the latus rectum: the latus rectum is 2a^{2}/b",formula_misapplied,sympy,
10,2,No clear mistake path,none,conceptual,
10,3,No clear mistake path,none,conceptual,
11,2,No clear mistake path,none,conceptual,
11,3,No clear mistake path,none,conceptual,
11,4,"Took K = 1/4, dropping the sin 3θ factor in sin θ sin(60°−θ) sin(60°+θ) = (1/4) sin 3θ; then sin(5π/6) = 1/2",formula_misapplied,sympy,
12,1,No clear mistake path,none,conceptual,
12,2,"Cancelled sin x in sin x(sin x + cos x) = 0 and lost the solutions x = −π, 0, π",calc_slip,sympy,
12,3,Divided by cos x in the a = 1 case and lost the solutions x = ±π/2,calc_slip,sympy,
13,1,No clear mistake path,none,conceptual,
13,2,No clear mistake path,none,conceptual,
13,4,No clear mistake path,none,conceptual,
14,1,No clear mistake path,none,conceptual,
14,2,"Assumed the maximum comes when a and b are parallel: |3a+2b| = 12, |3a−2b| = 0, giving 36",concept_gap,arithmetic,
14,4,No clear mistake path,none,conceptual,
15,1,No clear mistake path,none,conceptual,
15,2,No clear mistake path,none,conceptual,
15,4,No clear mistake path,none,conceptual,
16,1,"Took √(x−1) − 1 ≈ (x − 2) instead of (x − 2)/2, so m = 1 instead of 2",formula_misapplied,sympy,
16,3,No clear mistake path,none,conceptual,
16,4,No clear mistake path,none,conceptual,
17,1,No clear mistake path,none,conceptual,
17,2,No clear mistake path,none,conceptual,
17,4,Got e^{2e} but picked the look-alike option e raised to 2^{e},misread,conceptual,"Same value as the key, different option: a reading slip, not a calculation."
18,1,No clear mistake path,none,conceptual,
18,2,"Counted only the points where f′ = 0 (x = 0 and the two roots of tan x = x) and forgot the corners at x = ±π, where f′ does not exist",concept_gap,arithmetic,
18,4,"Also counted x = ±2π, which are outside the open interval (−2π, 2π)",misread,arithmetic,
19,1,No clear mistake path,none,conceptual,
19,3,No clear mistake path,none,conceptual,
19,4,No clear mistake path,none,conceptual,
20,1,No clear mistake path,none,conceptual,
20,2,No clear mistake path,none,conceptual,
20,3,No clear mistake path,none,conceptual,
23,85,"Allowed the discriminant to be 0 (ac ≥ 2b^{2}), but then the quadratic touches 0 and is not > 0 for all x: 21/64",concept_gap,arithmetic,
26,1,No clear mistake path,none,conceptual,
26,3,"Got a = 1, b = −1, c = −2 but worked out 2a + b + c instead of 2a − b + c",calc_slip,arithmetic,
26,4,No clear mistake path,none,conceptual,
27,1,No clear mistake path,none,conceptual,
27,3,No clear mistake path,none,conceptual,
27,4,No clear mistake path,none,conceptual,
28,1,"Took a_{x} = ∂v_{x}/∂x (and so on) without multiplying by the velocity component: a = (−1, 2, −1)",formula_misapplied,arithmetic,
28,3,"Wrote a_{y} = 2y instead of v_{y}·dv_{y}/dy = 4y: a = (1, 4, 4)",calc_slip,arithmetic,
28,4,"Differentiated v with respect to time directly; v has no t in it, so this gives 0. When v depends on position, use a = v dv/dx",concept_gap,arithmetic,
29,1,Used only the x·p_{y} term of the 2D cross product (dropped −y·p_{x}): L came out 15 (C looked right) and τ came out 30 (D looked wrong),formula_misapplied,arithmetic,
29,2,No clear mistake path,none,conceptual,
29,3,No clear mistake path,none,conceptual,
30,1,Gave T_{1}/T_{2} instead of T_{2}/T_{1},misread,arithmetic,
30,3,Put the star’s mass in the numerator (T ∝ √(r^{3}M)); the period falls as the star’s mass rises: T ∝ √(r^{3}/M),formula_misapplied,arithmetic,
30,4,No clear mistake path,none,conceptual,
31,1,Dropped the −2t term that comes from −t^{3}/3,calc_slip,arithmetic,
31,2,No clear mistake path,none,conceptual,
31,4,Sign slip: added 2t instead of subtracting it,calc_slip,arithmetic,
32,1,No clear mistake path,none,conceptual,
32,3,"Treated the slab and the air gap as side by side (in parallel); they are stacked layers, so they are in series",concept_gap,arithmetic,
32,4,Used C′ = KC as if the whole gap were filled with the dielectric,formula_misapplied,arithmetic,
33,1,No clear mistake path,none,conceptual,
33,2,"Used monatomic values (C_{v} = 3R/2, C_{p} = 5R/2) for a diatomic gas",concept_gap,arithmetic,
33,3,Got the right numbers but wrote them in the order ΔW : ΔU : ΔQ,misread,arithmetic,
34,1,No clear mistake path,none,conceptual,
34,2,No clear mistake path,none,conceptual,
34,3,"Flipped the ratio: when the spheres are connected, the smaller sphere has the larger surface field (E ∝ 1/r)",concept_gap,arithmetic,
35,1,No clear mistake path,none,conceptual,
35,2,"Read λ = 150 cm straight from x/150, but the phase is π(200t − x/150), so k = π/150 and λ = 2π/k = 300 cm: f = 100 Hz gave 150 m/s",formula_misapplied,arithmetic,
35,3,No clear mistake path,none,conceptual,
36,1,Swapped the axial and equatorial fields: the point x is on the axis of A and on the equatorial line of B,concept_gap,arithmetic,
36,3,No clear mistake path,none,conceptual,
36,4,Forgot the factor 2 in the axial field (2kp/r^{3}),formula_misapplied,arithmetic,
37,1,No clear mistake path,none,conceptual,
37,3,No clear mistake path,none,conceptual,
37,4,No clear mistake path,none,conceptual,
38,2,No clear mistake path,none,conceptual,
38,3,No clear mistake path,none,conceptual,
38,4,No clear mistake path,none,conceptual,
39,2,No clear mistake path,none,conceptual,
39,3,No clear mistake path,none,conceptual,
39,4,No clear mistake path,none,conceptual,
40,1,No clear mistake path,none,conceptual,
40,3,No clear mistake path,none,conceptual,
40,4,No clear mistake path,none,conceptual,
41,2,No clear mistake path,none,conceptual,
41,3,No clear mistake path,none,conceptual,
41,4,No clear mistake path,none,conceptual,
42,1,No clear mistake path,none,conceptual,
42,3,No clear mistake path,none,conceptual,
42,4,No clear mistake path,none,conceptual,
43,2,No clear mistake path,none,conceptual,
43,3,No clear mistake path,none,conceptual,
43,4,No clear mistake path,none,conceptual,
44,1,"Used L = nh/π instead of nh/(2π), giving n = 3 instead of 6",formula_misapplied,arithmetic,
44,2,No clear mistake path,none,conceptual,
44,4,No clear mistake path,none,conceptual,
45,1,No clear mistake path,none,conceptual,
45,3,Took the surface energy of the 512 droplets only and forgot to subtract the original drop’s surface energy,formula_misapplied,arithmetic,"8.04 × 10^{-6} J, nearest option 8."
45,4,No clear mistake path,none,conceptual,
46,18,"Used λ/a, which is only the half-width; the central maximum spans 2λ/a",formula_misapplied,arithmetic,"17.99, rounds to 18."
49,6,Took the weight of the wire above the point (w/3) instead of the part hanging below it (2w/3),concept_gap,arithmetic,
51,1,No clear mistake path,none,conceptual,
51,2,No clear mistake path,none,conceptual,
51,3,No clear mistake path,none,conceptual,
52,1,Used Z = 2 (the charge on Li^{2+}) instead of Li’s atomic number Z = 3,concept_gap,arithmetic,
52,2,"Got 9 × 2.18 = 19.62 but wrote 19.62 × 10^{−18} as 1.962 × 10^{−18}, losing a power of ten",calc_slip,arithmetic,
52,4,No clear mistake path,none,conceptual,
53,1,"Missed that O_{2}^{+} and O_{2}^{−} both have one unpaired electron, so the strict ‘>’ between them makes Statement II false",concept_gap,conceptual,
53,2,"Reversed the link between bond order and bond length: a higher bond order means a shorter bond, so Statement I is true",concept_gap,conceptual,
53,4,No clear mistake path,none,conceptual,
54,1,No clear mistake path,none,conceptual,
54,2,No clear mistake path,none,conceptual,
54,3,No clear mistake path,none,conceptual,
55,1,No clear mistake path,none,conceptual,
55,2,No clear mistake path,none,conceptual,
55,3,No clear mistake path,none,conceptual,
56,1,No clear mistake path,none,conceptual,
56,2,Wrote K_{sp} of Ag_{2}CrO_{4} as (2s)·s instead of (2s)^{2}·s,formula_misapplied,sympy,
56,3,No clear mistake path,none,conceptual,
57,2,Subtracted the wrong way round (anode − cathode = −0.88 − 0.07); E°_{cell} = E°_{cathode} − E°_{anode} = +0.95 V,formula_misapplied,arithmetic,
57,3,Took the Fe half-reaction as written (a reduction); the couple with the lower E° (Fe) is oxidised at the anode,concept_gap,conceptual,
57,4,Thought E°_{cell} changes when the half-reaction is multiplied; it is an intensive property,concept_gap,conceptual,
58,1,No clear mistake path,none,conceptual,
58,3,No clear mistake path,none,conceptual,
58,4,Swapped zero and first order: a zero-order reaction finishes at 2t_{1/2}; a first-order one never reaches 100%,concept_gap,conceptual,
59,1,"Thought first ionisation enthalpy falls across a period; it rises from Na to Ar, so Statement I is false",concept_gap,conceptual,
59,2,"Missed that Ca’s third electron comes from the noble-gas core ([Ar]), which makes its third ionisation enthalpy very high",concept_gap,conceptual,
59,3,No clear mistake path,none,conceptual,
60,2,No clear mistake path,none,conceptual,
60,3,"Did not recognise the layer test as Cl_{2} oxidising Br^{−}/I^{−} to Br_{2}/I_{2}, a displacement redox reaction",ncert_fact,conceptual,
60,4,"Mixed up electron gain enthalpy (Cl more negative than F) with oxidising power, where F_{2} is the strongest",concept_gap,conceptual,
61,2,Counted Fe^{3+} as a reducing agent; iron is already in its higher +3 state and cannot reduce dichromate,concept_gap,conceptual,
61,3,Counted Sn^{4+} as a reducing agent; tin is already in its higher +4 state and cannot reduce dichromate,concept_gap,conceptual,
61,4,"Counted species already in their highest common oxidation state (Fe^{3+}, SO_{4}^{2−}, Sn^{4+}) as reducing agents",concept_gap,conceptual,
62,1,No clear mistake path,none,conceptual,
62,2,No clear mistake path,none,conceptual,
62,3,No clear mistake path,none,conceptual,
63,1,"Thought glycerol (1,2,3-trihydroxypropane) can be simply distilled; it decomposes at its boiling point, so it needs distillation under reduced pressure",ncert_fact,conceptual,
63,2,Thought fractional distillation can separate an azeotrope; an azeotrope boils at a constant composition,concept_gap,conceptual,
63,3,No clear mistake path,none,conceptual,
64,2,No clear mistake path,none,conceptual,
64,3,Thought hyperconjugation stabilises a carbocation more than resonance does; the benzyl cation’s resonance is the stronger effect,concept_gap,conceptual,
64,4,"Treated benzyl chloride as an ordinary primary halide that is slow in S_{N}1, ignoring the resonance-stabilised benzyl cation",concept_gap,conceptual,
65,1,Placed ketone above aldehyde in IUPAC priority,ncert_fact,conceptual,
65,2,Placed amide above ester in IUPAC priority,ncert_fact,conceptual,
65,4,Placed aldehyde above nitrile in IUPAC priority,ncert_fact,conceptual,
66,1,"Picked the benzoyl ring (meta to C=O); the N lone pair activates the other ring far more, and the bulky −NHCOPh group favours its para position",concept_gap,conceptual,
66,2,No clear mistake path,none,conceptual,
66,3,No clear mistake path,none,conceptual,
67,1,No clear mistake path,none,conceptual,
67,2,Mixed up which pair the carbylamine test (primary amines) and Tollens’ test (aldehydes) separate,ncert_fact,conceptual,
67,3,"Used bromine water for ethanol/phenol (phenol does decolourise it) and FeCl_{3} for the acids, but neutral FeCl_{3} does not tell benzoic and cinnamic acid apart",ncert_fact,conceptual,Teacher check: the FeCl_{3} reading for benzoic vs cinnamic acid.
68,2,No clear mistake path,none,conceptual,
68,3,Treated the ortho methyl groups as activating (+I) and missed that they twist NMe_{2} out of the ring plane (steric inhibition of resonance),concept_gap,conceptual,
68,4,No clear mistake path,none,conceptual,
69,1,No clear mistake path,none,conceptual,
69,2,No clear mistake path,none,conceptual,
69,4,No clear mistake path,none,conceptual,
70,1,No clear mistake path,none,conceptual,
70,3,No clear mistake path,none,conceptual,
70,4,"Identified Ba^{2+} but not the ammonium molybdate test: a canary-yellow precipitate shows phosphate, not sulphate",ncert_fact,conceptual,
72,10,Forgot ethylcyclopropane among the ring isomers of C_{5}H_{10} (it gives 4 monochloro products),concept_gap,conceptual,
74,314,Gave the temperature in kelvin (314 K) instead of converting to °C,units,arithmetic,
75,1000,Gave the temperature in kelvin (1000 K) instead of converting to °C,units,arithmetic,
