q,chapter,subtopic,confidence,secondary
1,M1,Domain with square root and logarithm,high,
2,M1,Equivalence relations,high,
3,M2,Minimum modulus of complex expression,high,
4,M2,Roots of quadratic with GP coefficients,high,M6
5,M3,System of linear equations with infinitely many solutions,high,
6,M5,Coefficients of general terms,high,
7,M6,AP: sums of terms,high,
8,M7,Points of non-differentiability with modulus,high,
9,M7,Limit with greatest integer; function iteration,high,M1
10,M8,Definite integral of cos^4 x,high,
11,M8,Definite integral using King's property,high,
12,M9,Linear differential equation with limit condition,high,M7
13,M10,Locus from ellipse and circle: eccentricity,high,
14,M10,Locus of midpoints of chords through origin,high,
15,M11,Image of a point in a line,high,
16,M11,Points on a line at given distance; centroid,high,
17,M12,Angle bisector; projection of vector,high,
18,M13,Probability: independent events,high,
19,M13,Mean and variance from shifted sums,high,
20,M14,Trigonometric equation: number of solutions,high,
21,M3,Matrix eigenvalue equation,high,
22,M4,Maximum intersection points of lines,high,
23,M6,GP terms as triangle sides,high,
24,M8,Integral function; differentiation,high,M7
25,M7,Derivative of algebraic and trigonometric function,high,
26,M8,Area between two parabolas; maximum,high,
27,M9,Linear differential equation,high,
28,M8,Area of parabola segment and triangle ratio,high,M10
29,M10,Isosceles triangle; line intersection,high,
30,M12,Vector equation with cross product; angle,high,
31,P1,Significant figures,high,
32,P2,Relative velocity of trains,high,
33,P3,Impulse: force in catching a ball,high,
34,P3,Acceleration from resultant force,high,
35,P5,Rolling disc on smooth incline: maximum height,high,P4
36,P6,Kepler's law for non-inverse-square force,high,
37,P7,Surface energy when droplets coalesce,high,
38,P8,Heat in isobaric expansion,high,
39,P9,rms speed of hydrogen and oxygen,high,
40,P11,Gauss's law: flux through concentric cubes,high,
41,P12,Capacitors in a DC bridge circuit,high,P11
42,P12,Ammeter from galvanometer,high,
43,P14,Transformer efficiency: secondary current,high,
44,P15,Wavelength of EM wave,high,
45,P16,Single slit: angular spread of central maximum,high,
46,P17,Photons emitted per second by a laser,high,
47,P18,Bohr model and nuclear forces,high,
48,P19,Photodiode band gap,high,
49,P12,Wheatstone bridge: temperature coefficient,high,
50,P20,Metre bridge with shunt,high,P12
51,P2,Acceleration from velocity-position relation,high,
52,P5,Impulse on rod: rotation,high,
53,P7,Strain in wires with hanging loads,high,
54,P10,Spring-mass frequency ratio,high,
55,P11,Charged particle in uniform field: equilibrium,high,
56,P12,Charge on capacitor in DC circuit,high,P11
57,P13,Moving coil galvanometer: torsional constant,high,
58,P14,AC generator: maximum EMF,high,
59,P16,YDSE: position of half intensity,high,
60,P18,Hydrogen-like ion: transition frequencies,high,
61,C2,Radial nodes of 3p orbital,high,
62,C3,Molecular orbitals: pi bonding and antibonding,high,
63,C3,Intramolecular hydrogen bonding,high,
64,C6,Ksp of calcium phosphate from solubility,high,
65,C9,Metals and non-metals in blocks; ionisation enthalpy,high,
66,C10,Reducing strength of group 15 hydrides,high,
67,C10,Group 14 oxides; allotropes of carbon,high,
68,C11,Third ionisation enthalpy of transition metals,high,
69,C11,Cr2+ reducing and Mn3+ oxidising,high,
70,C12,Inner and outer orbital complexes,high,
71,C11,Colour due to d-d transition,high,C12
72,C13,Lassaigne's test,high,
73,C14,Negative resonance effect,high,
74,C14,Meta-directing groups,high,
75,C15,Reduction of alkynes: cis and trans alkenes,high,
76,C16,Uses of polyhalogen compounds,high,
77,C17,Reactions of phenol,high,
78,C16,Elimination; addition; cyanide; hydrolysis to succinic acid,low,C17
79,C17,Boiling points of alcohols; ethers; aldehydes,high,
80,C20,Dimethylglyoxime test; Prussian blue,high,C12
81,C1,Formula of hydrocarbon from combustion volumes,high,
82,C6,Gibbs energy from equilibrium constant,high,C4
83,C5,Depression of freezing point: mass of antifreeze,high,
84,C7,Faraday's laws: oxidation of water,high,
85,C7,Equilibrium constant from cell potential,high,
86,C8,First order kinetics from total pressure,high,
87,C13,Kjeldahl's method: percentage of nitrogen,high,
88,C15,Monochlorination isomers including stereoisomers,high,C14
89,C18,Hinsberg's reagent: reacting amines,high,
90,C19,Tripeptides from three amino acids,high,
