paper,q,subject,chapter_code,subtopic,secondary
"JEE Main 2023 (Session 2), 6 Apr Shift 1",8,Mathematics,M8,Limit of a sum as a definite integral,M6
"JEE Main 2023 (Session 2), 6 Apr Shift 1",63,Chemistry,C19,Enzymes and the reactions they catalyse,
"JEE Main 2023 (Session 2), 6 Apr Shift 1",66,Chemistry,CX,Hydrogen: size of the proton,
"JEE Main 2023 (Session 2), 6 Apr Shift 1",87,Chemistry,C8,Arrhenius equation: ratio of rates of chemisorption,CX
"JEE Main 2023 (Session 2), 6 Apr Shift 1",90,Chemistry,C13,Oxidation state of Mo in ammonium phosphomolybdate,C11
"JEE Main 2023 (Session 2), 6 Apr Shift 2",64,Chemistry,C10,Gallium: liquid range,
"JEE Main 2023 (Session 2), 6 Apr Shift 2",75,Chemistry,C17,Acid-catalysed cyclisation of an unsaturated alcohol,C15
"JEE Main 2023 (Session 2), 6 Apr Shift 2",77,Chemistry,C17,Conjugate addition of cuprate; enolate alkylation,
"JEE Main 2023 (Session 2), 6 Apr Shift 2",88,Chemistry,C3,Hydrogen bonding in ice,CX
"JEE Main 2023 (Session 2), 8 Apr Shift 1",43,Physics,P18,Nuclear binding energy terms,
"JEE Main 2023 (Session 2), 8 Apr Shift 1",66,Chemistry,CX,Hydrogen: reaction of water gas with cobalt catalyst,
"JEE Main 2023 (Session 2), 8 Apr Shift 1",69,Chemistry,C10,Halide that reduces Cu2+ (iodide),C11
"JEE Main 2023 (Session 2), 8 Apr Shift 1",74,Chemistry,C17,Selective reduction with LiBH4,
"JEE Main 2023 (Session 2), 8 Apr Shift 2",64,Chemistry,C2,Moseley's law,C9
"JEE Main 2023 (Session 2), 8 Apr Shift 2",71,Chemistry,C15,Bromolactonisation of an unsaturated acid,C17
"JEE Main 2023 (Session 2), 10 Apr Shift 1",67,Chemistry,CX,s-block: compound that does not exist,C10
"JEE Main 2023 (Session 2), 10 Apr Shift 2",30,Mathematics,M14,Trigonometry in a figure: maximum angle ratio,M7
"JEE Main 2023 (Session 2), 10 Apr Shift 2",41,Physics,P5,Rotational inertia of a fan,
"JEE Main 2023 (Session 2), 10 Apr Shift 2",79,Chemistry,C17,Saponification of fats,C19
"JEE Main 2023 (Session 2), 11 Apr Shift 1",45,Physics,P8,Temperature scale conversion,P1
"JEE Main 2023 (Session 2), 11 Apr Shift 1",63,Chemistry,C6,Precipitation: ions remaining in solution,C1
"JEE Main 2023 (Session 2), 11 Apr Shift 1",66,Chemistry,CX,Hydrogen: preparation and nitrogen reactions,
"JEE Main 2023 (Session 2), 11 Apr Shift 1",68,Chemistry,C10,GaAlCl4: structure,
"JEE Main 2023 (Session 2), 11 Apr Shift 1",76,Chemistry,C12,Solubility of complexes,C20
"JEE Main 2023 (Session 2), 11 Apr Shift 2",66,Chemistry,CX,Hydrides: stability,C9
"JEE Main 2023 (Session 2), 11 Apr Shift 2",76,Chemistry,C17,Clemmensen reduction with a hydroxyl group,
"JEE Main 2023 (Session 2), 11 Apr Shift 2",78,Chemistry,C18,Diazotisation and thiol substitution,
"JEE Main 2023 (Session 2), 12 Apr Shift 1",68,Chemistry,CX,s-block: Solvay process cycle,
"JEE Main 2023 (Session 2), 12 Apr Shift 1",74,Chemistry,C15,Aromaticity of squarate ion,C14
"JEE Main 2023 (Session 2), 12 Apr Shift 1",76,Chemistry,C17,Intramolecular Grignard reaction,C16
"JEE Main 2023 (Session 2), 12 Apr Shift 1",88,Chemistry,C18,Multistep synthesis from a nitrile,C17
"JEE Main 2023 (Session 2), 13 Apr Shift 1",73,Chemistry,C14,Dipole moment of fulvene-type compounds,C15
"JEE Main 2023 (Session 2), 13 Apr Shift 1",78,Chemistry,C18,Ring expansion with an amino alcohol,C14
"JEE Main 2023 (Session 2), 13 Apr Shift 2",77,Chemistry,C17,Michael addition of a thiol,C18
"JEE Main 2023 (Session 2), 15 Apr Shift 1",72,Chemistry,C17,Hydration of a triketone (ninhydrin),
"JEE Main 2024 (Session 1), 1 Feb Shift 2",78,Chemistry,C16,Elimination; addition; cyanide; hydrolysis to succinic acid,C17
"JEE Main 2024 (Session 2), 4 Apr Shift 1",54,Physics,P7,Elastic spring: tension from lengths,P10
"JEE Main 2024 (Session 2), 4 Apr Shift 1",63,Chemistry,C6,Basic strength of conjugate bases,C14
"JEE Main 2024 (Session 2), 4 Apr Shift 2",75,Chemistry,C15,Ozonolysis and haloform reaction,C17
"JEE Main 2024 (Session 2), 4 Apr Shift 2",76,Chemistry,C16,Nucleophilic substitution by dimethylamine,C18
"JEE Main 2024 (Session 2), 5 Apr Shift 2",24,Mathematics,M7,Maximum and minimum of an expression,M10
"JEE Main 2024 (Session 2), 6 Apr Shift 1",53,Physics,P2,Scalar triple product of vectors,M12
"JEE Main 2024 (Session 2), 6 Apr Shift 1",64,Chemistry,C10,Semiconductors,
"JEE Main 2024 (Session 2), 6 Apr Shift 2",66,Chemistry,C20,Flame colour wavelengths of alkali metals,C9
"JEE Main 2024 (Session 2), 8 Apr Shift 2",52,Physics,P5,Ball sliding in a radial groove of rotating table,P3
"JEE Main 2024 (Session 2), 8 Apr Shift 2",65,Chemistry,C8,Steady-state approximation in consecutive reactions,
"JEE Main 2024 (Session 2), 9 Apr Shift 1",42,Physics,P13,Ampere's law; momentum of the EM field,P15
"JEE Main 2024 (Session 2), 9 Apr Shift 1",65,Chemistry,C7,Oxidation state definition; p pi-p pi bonding,C10
"JEE Main 2024 (Session 2), 9 Apr Shift 1",67,Chemistry,CX,Fluoride and fluoroapatite in teeth (environmental chemistry),C10
"JEE Main 2024 (Session 2), 9 Apr Shift 1",79,Chemistry,C10,Lead sulphide with dilute nitric acid,
"JEE Main 2024 (Session 2), 9 Apr Shift 2",75,Chemistry,C16,Nucleophilic substitution with KCN,
"JEE Main 2024 (Session 1), 27 Jan Shift 1",46,Physics,P17,Photoelectric current and lens focal length,P16
"JEE Main 2024 (Session 1), 27 Jan Shift 1",64,Chemistry,C9,Placement of f-block; occurrence of s-block,
"JEE Main 2024 (Session 1), 27 Jan Shift 1",72,Chemistry,C17,Acidity of active methylene hydrogen,C14
"JEE Main 2024 (Session 1), 27 Jan Shift 1",79,Chemistry,C10,Lead chromate with NaOH: plumbate complex,C12
"JEE Main 2024 (Session 1), 27 Jan Shift 1",88,Chemistry,C14,Meta-directing groups,C15
"JEE Main 2024 (Session 1), 30 Jan Shift 1",64,Chemistry,C10,Hydrated aluminium ion geometry,C12
"JEE Main 2024 (Session 1), 30 Jan Shift 1",68,Chemistry,C12,Ligands; chelates; applications of complexes,
"JEE Main 2024 (Session 1), 31 Jan Shift 1",7,Mathematics,M2,Common root of quadratics; limit,M7
"JEE Main 2024 (Session 1), 31 Jan Shift 1",69,Chemistry,C11,Metals used in batteries,
"JEE Main 2024 (Session 1), 31 Jan Shift 2",24,Mathematics,M2,Quadratic in triangle sides: range of x,
"JEE Main 2024 (Session 1), 31 Jan Shift 2",76,Chemistry,C16,Nitration and hydrolysis of bromobenzene,C17
"JEE Main 2024 (Session 1), 31 Jan Shift 2",84,Chemistry,C7,Classifying conductors by conductivity,
"JEE Main 2026 (Session 2), 2 Apr Shift 1",7,Mathematics,M4,Identities of nCr; integer solutions,M5
"JEE Main 2026 (Session 2), 2 Apr Shift 1",66,Chemistry,C14,Electrophilic substitution site in an anilide,C18
"JEE Main 2026 (Session 2), 2 Apr Shift 2",6,Mathematics,M4,Sums of binomial coefficients (Pascal's rule),M5
"JEE Main 2026 (Session 2), 2 Apr Shift 2",58,Chemistry,C9,Nature of oxides: acidic; basic; amphoteric; neutral,C10
"JEE Main 2026 (Session 2), 2 Apr Shift 2",66,Chemistry,C17,Identifying compound from composition; reaction with KOH,
"JEE Main 2026 (Session 2), 4 Apr Shift 1",24,Mathematics,M12,Sum of squared magnitudes of vectors with trig terms,M14
"JEE Main 2026 (Session 2), 4 Apr Shift 1",36,Physics,P8,Process P = P0/(1+(V0/V)^2): temperature difference,P9
"JEE Main 2026 (Session 2), 4 Apr Shift 2",4,Mathematics,M2,Cubic with complex roots; definite integral,M8
"JEE Main 2026 (Session 2), 4 Apr Shift 2",6,Mathematics,M3,Eigenvalue-type determinant equation; circle meets axes,M10
"JEE Main 2026 (Session 2), 4 Apr Shift 2",58,Chemistry,C10,Group 13 element (thallium): oxidation states,C9
"JEE Main 2026 (Session 2), 4 Apr Shift 2",61,Chemistry,C3,Carbon-oxygen bond length and resonance,C14
"JEE Main 2026 (Session 2), 5 Apr Shift 2",47,Physics,P8,Calorimetry: cooling vs evaporation,
"JEE Main 2026 (Session 2), 5 Apr Shift 2",55,Chemistry,C4,Molar heat capacities of substances,
"JEE Main 2026 (Session 2), 5 Apr Shift 2",58,Chemistry,C9,Nature of oxides: acidic; basic; amphoteric; neutral,C10
"JEE Main 2026 (Session 2), 5 Apr Shift 2",59,Chemistry,C10,Aluminium with NaOH; shapes of interhalogen ions,C3
"JEE Main 2026 (Session 2), 6 Apr Shift 1",20,Mathematics,M8,Bijective functions; area between curves,M1
"JEE Main 2026 (Session 2), 6 Apr Shift 1",24,Mathematics,M14,Min/max of trigonometric functions; GP sum,M6
"JEE Main 2026 (Session 2), 6 Apr Shift 1",39,Physics,P19,LED with Zener diode: series resistance,P12
"JEE Main 2026 (Session 2), 6 Apr Shift 1",50,Physics,P7,Bulk modulus: work in isothermal compression,P8
"JEE Main 2026 (Session 2), 6 Apr Shift 1",63,Chemistry,C13,Chromatography: Rf value change,C17
"JEE Main 2026 (Session 2), 6 Apr Shift 1",67,Chemistry,C17,Dehydration of tertiary alcohol; esterification,C15
"JEE Main 2026 (Session 2), 6 Apr Shift 2",17,Mathematics,M3,Singular matrix; max/min of integral function,M8
"JEE Main 2026 (Session 2), 6 Apr Shift 2",22,Mathematics,M5,Binomial expansion identity: coefficient ratio,
"JEE Main 2026 (Session 2), 6 Apr Shift 2",59,Chemistry,C3,Bond angle trends; nature of halides,C10
"JEE Main 2026 (Session 2), 6 Apr Shift 2",69,Chemistry,C19,Glucose with HI to hexane; aromatisation; Friedel-Crafts,C15
"JEE Main 2026 (Session 2), 8 Apr Shift 2",5,Mathematics,M6,Sum of series; quadratic root,M14
"JEE Main 2026 (Session 2), 8 Apr Shift 2",63,Chemistry,C15,Rearrangement in Friedel-Crafts and dehydration,C17
"JEE Main 2026 (Session 2), 8 Apr Shift 2",67,Chemistry,C17,Reduction of aldehyde; amide hydrolysis,C18
