Q.No,Question ID,Subject,Type,Final key (NTA),Answer as option no.,Flags
1,695278226,Mathematics,MCQ,695278766,1,
2,695278227,Mathematics,MCQ,695278771,2,
3,695278228,Mathematics,MCQ,695278774,1,
4,695278229,Mathematics,MCQ,695278779,2,
5,695278230,Mathematics,MCQ,695278785,4,
6,695278231,Mathematics,MCQ,695278789,4,
7,695278232,Mathematics,MCQ,695278790,1,
8,695278233,Mathematics,MCQ,695278797,4,
9,695278234,Mathematics,MCQ,695278799,2,
10,695278235,Mathematics,MCQ,695278805,4,
11,695278236,Mathematics,MCQ,695278806,1,
12,695278237,Mathematics,MCQ,695278812,3,
13,695278238,Mathematics,MCQ,695278815,2,
14,695278239,Mathematics,MCQ,695278819,2,
15,695278240,Mathematics,MCQ,695278823,2,
16,695278241,Mathematics,MCQ,695278828,3,
17,695278242,Mathematics,MCQ,695278832,3,
18,695278243,Mathematics,MCQ,695278835,2,
19,695278244,Mathematics,MCQ,695278839,2,
20,695278245,Mathematics,MCQ,695278844,3,
21,695278246,Mathematics,NUM,9,,
22,695278247,Mathematics,NUM,3,,
23,695278248,Mathematics,NUM,2,,
24,695278249,Mathematics,NUM,3,,
25,695278250,Mathematics,NUM,3,,
26,695278251,Physics,MCQ,695278854,4,
27,695278252,Physics,MCQ,695278856,2,
28,695278253,Physics,MCQ,695278861,3,
29,695278254,Physics,MCQ,695278865,3,
30,695278255,Physics,MCQ,695278868,2,
31,695278256,Physics,MCQ,695278872,2,
32,695278257,Physics,MCQ,695278875,1,
33,695278258,Physics,MCQ,695278881,3,
34,695278259,Physics,MCQ,695278884,2,
35,695278260,Physics,MCQ,695278888,2,
36,695278261,Physics,MCQ,Dropped,,NTA DROPPED this question (final key); left out of mocks
37,695278262,Physics,MCQ,695278895,1,
38,695278263,Physics,MCQ,695278899,1,
39,695278264,Physics,MCQ,695278904,2,
40,695278265,Physics,MCQ,695278907,1,
41,695278266,Physics,MCQ,695278912,2,
42,695278267,Physics,MCQ,695278915,1,
43,695278268,Physics,MCQ,695278920,2,
44,695278269,Physics,MCQ,695278924,2,
45,695278270,Physics,MCQ,695278927,1,
46,695278271,Physics,NUM,35,,
47,695278272,Physics,NUM,264,,
48,695278273,Physics,NUM,44,,
49,695278274,Physics,NUM,200,,
50,695278275,Physics,NUM,100,,
51,695278276,Chemistry,MCQ,695278937,2,
52,695278277,Chemistry,MCQ,695278941,2,
53,695278278,Chemistry,MCQ,695278947,4,
54,695278279,Chemistry,MCQ,695278951,4,
55,695278280,Chemistry,MCQ,695278955,4,
56,695278281,Chemistry,MCQ,695278957,2,
57,695278282,Chemistry,MCQ,695278963,4,
58,695278283,Chemistry,MCQ,695278964,1,
59,695278284,Chemistry,MCQ,695278968,1,
60,695278285,Chemistry,MCQ,695278974,3,
61,695278286,Chemistry,MCQ,695278977,2,
62,695278287,Chemistry,MCQ,695278983,4,
63,695278288,Chemistry,MCQ,695278986,3,
64,695278289,Chemistry,MCQ,695278991,4,
65,695278290,Chemistry,MCQ,695278993,2,
66,695278291,Chemistry,MCQ,695278996,1,
67,695278292,Chemistry,MCQ,6952781001,2,
68,695278293,Chemistry,MCQ,6952781007,4,
69,695278294,Chemistry,MCQ,6952781008,1,
70,695278295,Chemistry,MCQ,6952781015,4,
71,695278296,Chemistry,NUM,6,,
72,695278297,Chemistry,NUM,78,,
73,695278298,Chemistry,NUM,5,,
74,695278299,Chemistry,NUM,756,,
75,695278300,Chemistry,NUM,5,,
